{"accuracy": [0.5861538648605347, 0.6515384912490845, 0.6669231057167053, 0.7015384435653687, 0.7192307710647583, 0.7330769300460815, 0.7469230890274048, 0.7300000190734863, 0.7792307734489441, 0.7546153664588928, 0.7669230699539185, 0.7546153664588928, 0.7761538624763489, 0.7853845953941345, 0.766153872013092], "loss": [0.6803509593009949, 0.6407966613769531, 0.6387482285499573, 0.5919014811515808, 0.5618939995765686, 0.5594557523727417, 0.5261833667755127, 0.5539667010307312, 0.48826414346694946, 0.5263785123825073, 0.48595768213272095, 0.5079122185707092, 0.4757395088672638, 0.4587632715702057, 0.4928823709487915], "val_accuracy": [0.6276922821998596, 0.6861538290977478, 0.7107692360877991, 0.7230769395828247, 0.7230769395828247, 0.763076901435852, 0.689230740070343, 0.7507692575454712, 0.7507692575454712, 0.7692307829856873, 0.7261538505554199, 0.763076901435852, 0.763076901435852, 0.7538461685180664, 0.7415384650230408], "val_loss": [0.6536669731140137, 0.6069949269294739, 0.6227658987045288, 0.5628659725189209, 0.5650060176849365, 0.5501449704170227, 0.6049052476882935, 0.5368773937225342, 0.5710000395774841, 0.5338344573974609, 0.5529344081878662, 0.5239629745483398, 0.49720555543899536, 0.4960028827190399, 0.4995708465576172]}